{
  "rad": -1.5708,
  "position": {
    "x": -3.522339599999999,
    "y": -1.7930687157646008,
    "z": 6.586654999999999
  }
}
