{
  "rad": 1.5708,
  "position": {
    "x": 1.1354473999999972,
    "y": 0.008099600571102705,
    "z": -3.3223683999999993
  }
}
